SKU,Brand,Description,Qty 2023-24,Category,Core/Non Core
100605010131,WORKSTORE,"ECO FRIENDLY PRINTING  PAPER  70 GSM, A4 SIZE (500 SHEETS/ REAM) OR SIMILAR","6,19,744.00",Office Supplies,CORE
100605010017,WORKSTORE,"MULTIPURPOSE PRINTING PAPER 75 GSM, A4 SIZE(500 SHEETS/ REAM) OR SIMILAR","4,84,232.00",Office Supplies,CORE
100623040317,WORKSTORE,SF40044 Eco Notepad  1/8 40 Shheets 1Piece,"2,09,443.00",Office Supplies,CORE
100803050008,CAMLIN,"Camlin Permanent Marker, Plastic Body, Black - 7270016","1,98,810.00",Office Supplies,CORE
100214010033,WORKSTORE,WORKSTORE  BROWN TAPE SIZE 48MM (2 INCH) 50METERS LENGTH OR SIMILAR,"1,43,859.00",Office Supplies,CORE
100623050833,WORKSTORE,SF40049 WIRO NOTEBOOK B5 100PGS 60GSM,"1,30,346.00",Office Supplies,CORE
100214060097,WORKSTORE,WORKSTORE  TRANSPARENT  TAPE SIZE 48MM (2 INCH) 50 METERS LENGTH OR SIMILAR,"1,27,903.00",Office Supplies,CORE
100803060114,WORKSTORE,"SF50004, White Board Marker, Black","1,27,033.00",Office Supplies,CORE
100806011684,WORKSTORE,"EASY Fine Tip Ball Pen, Blue,  5 pcs/pack","1,25,530.00",Office Supplies,CORE
100623050834,WORKSTORE,SF40050 WIRO NOTEBOOK A5 100PGS 60GSM,"1,25,503.00",Office Supplies,CORE
100214060096,WORKSTORE,WORKSTORE  TRANSPARENT  TAPE SIZE 24MM (1 INCH),"1,24,981.00",Office Supplies,CORE
100605010018,JK,"JK Copier Paper, 75 GSM, A4, WWhite, 500 Sheets/Ream","1,17,898.00",Office Supplies,CORE
100207020066,WORKSTORE,Workstore ST-1515 15GMS GLUE STICK,"1,05,411.00",Office Supplies,CORE
10045803,CELLO,Cello Tri-mate Ball Pen Black (Pack of 5),"96,525.00",Office Supplies,CORE
100403010066,WORKSTORE,WORKSTORE ECO COBRA SPRING FILE  450 GSM OR SIMILAR,"90,796.00",Office Supplies,CORE
100401010126,WORKSTORE,WORKSTORE 30003 LEVER ARCH BOX FILE SIZE FULLSCAPEIMPORTED CLIP  OR SIMILAR,"88,051.00",Office Supplies,CORE
100623050736,WORKSTORE,SF40030 WIRO NOTEBOOK A4 100PGS 60GSM,"82,390.00",Office Supplies,CORE
100501070037,STANDARD,"Cloth Duster Checked Red Colorr, 16"" X 24""","77,558.00",Cleaning & Hygiene Products,CORE
10051169,C&W,C&W Oxo-Biodegradable Garbage Bag Black 19X21 Pack of 30,"77,118.00",Cleaning & Hygiene Products,CORE
100501070035,STANDARD,"Cloth Duster Checked Blue Color, 16"" X 24""","74,660.00",Cleaning & Hygiene Products,CORE
100803060112,WORKSTORE,"SF50002, White Board Marker, Blue","73,915.00",Office Supplies,CORE
100501070020,STANDARD,"Duster Cloth Glass 20"" X20"" (Blue)","65,540.00",Cleaning & Hygiene Products,CORE
100501070036,STANDARD,"Cloth Duster Checked Green Collor, 16"" X 24""","63,637.00",Cleaning & Hygiene Products,CORE
100501070022,STANDARD,"Duster Cloth Glass 20"" X20"" (Red)","63,252.00",Cleaning & Hygiene Products,CORE
10057913,CELLO,CELLO GRIPPER BALL PEN BLUE INK 0.5MM (PACK OF 10 PCS),"61,484.00",Office Supplies,CORE
100623040319,WORKSTORE,SF40042 Eco Notepad  1/4 40 Shheets 1Piece,"59,951.00",Office Supplies,CORE
100803050009,CAMLIN,"Camlin Permanent Marker, Plastic Body, Blue - 7270018","59,446.00",Office Supplies,CORE
100207020067,WORKSTORE,Workstore ST-0815 08GMS GLUE STICK,"59,269.00",Office Supplies,CORE
100403010041,WORKSTORE,WORKSTORE PREMIUM COBRA SPRING FILE  550 GSM OR SIMILAR,"59,086.00",Office Supplies,CORE
100803030122,CAMLIN,Camlin CD Dvd Marker Pen Black - 7289016,"56,171.00",Office Supplies,CORE
10049872,ODONIL,Air Freshner Cake Odonil 50gms,"55,864.00",Cleaning & Hygiene Products,CORE
100803060002,CAMLIN,"Camlin White Board Marker, Plastic Body, Black - 7268016","55,854.00",Office Supplies,CORE
100214010038,WORKSTORE,WORKSTORE  BROWN TAPE SIZE 72MM (3 INCH) 50 METERS LENGTH OR SIMILAR,"53,207.00",Office Supplies,CORE
100501070028,STANDARD,"Duster Cloth Floor 20"" x 20""","52,594.00",Cleaning & Hygiene Products,CORE
200101010021,DURACELL,Duracell MN1500 Alkaline batteryAA(LR6)1.5V 2Pc/Pk 8155828,"51,457.00",Office Supplies,CORE
100214020011,DEER,"YELLOW DOUBLE-SIDED FOAM TAPE   WIDTH 24 MM(1"" INCH) OR SIMILAR","49,980.00",Office Supplies,CORE
10051727,CELLO,CELLO TRI-MATE BALL PEN BLUE 5 PCS/ PACK of 1,"46,164.00",Office Supplies,CORE
100806010027,CELLO,"Cello Fine Grip Ball Pen, 0.7 MM, Blue, 5 Pc/Pack","45,617.00",Office Supplies,CORE
100501210010,STANDARD,"Brush Feather Static Duster, Assorted Colors","43,496.00",Cleaning & Hygiene Products,CORE
100506070002,STANDARD,"Yellow Cloth Duster, Size 18""  x 27""","43,196.00",Cleaning & Hygiene Products,CORE
100204010094,WORKSTORE,Workstore ST-6242 MULTIPURPOSE CUTTER,"43,190.00",Office Supplies,CORE
100503020047,C&W,C&W Facial Tissue  2ply 100 Puulls  per pack (Pack of 4),"43,154.00",Cleaning & Hygiene Products,CORE
200101010015,EVEREADY,Eveready 1015 Heavy Duty battery AA/R06 1.5 V,"42,713.00",Office Supplies,CORE
100623040320,WORKSTORE,SF40043 Eco Notepad  1/6 40 Shheets 1Piece,"42,222.00",Office Supplies,CORE
200101010033,EVEREADY,Eveready 1012 Heavy Duty battery AAA/R03 1.5 V,"41,190.00",Office Supplies,CORE
100803060003,CAMLIN,"Camlin White Board Marker, Plastic Body, Blue - 7268018","39,705.00",Office Supplies,CORE
10051170,C&W,C&W Oxo-Biodegradable Garbage Bag Black 30X40 Pack of 10,"39,411.00",Cleaning & Hygiene Products,CORE
100616030096,WORKSTORE,SF40037; Stickies-Yellow Notess; Size 3x3; 100 Sheets/Pack,"38,972.00",Office Supplies,CORE
100207010041,FEVIKWIK,Fevikwik Super Glue 3 G,"38,646.00",Office Supplies,CORE
10045692,3M,"3M Scotch Brite Pad 3""x4"" (Pacck of 4)","36,856.00",Cleaning & Hygiene Products,CORE
100212040045,KANGARO,"Kangaro No 10, HS-R10 / HD-10 Stapler, 10 Sht, No 10 Staple","36,756.00",Office Supplies,CORE
10051171,C&W,C&W Oxo-Biodegradable Garbage Bag Black 30X50 Pack of 10,"36,199.00",Cleaning & Hygiene Products,CORE
100623040046,WORKSTORE,Conference Pad; Corporate; 20  pgs; 60gsm paper; A5 6 Pcs,"35,969.00",Office Supplies,CORE
100509010001,STANDARD,Hand Gloves Rubber Orange XL Size,"34,576.00",Cleaning & Hygiene Products,CORE
100616030095,WORKSTORE,"SF40036, Stickies-Yellow Notess, Size 2x3"", 100 Sheets/Pack","33,694.00",Office Supplies,CORE
100803060111,WORKSTORE,"SF50001, White Board Marker, RRed","33,475.00",Office Supplies,CORE
100214060128,WORKSTORE,"WORKSTORE  TRANSPARENT TAPE, 72MM (3 INCH) X 50  METERS LENGTH OR SIMILAR","33,348.00",Office Supplies,CORE
100623070016,STANDARD,STANDARD C-RULED REGISTER-55GSM-3 QUIRE,"33,109.00",Office Supplies,CORE
10049674,STANDARD,URINAL SCREEN MAT ANTI-SPLASH1pcs,"33,055.00",Cleaning & Hygiene Products,CORE
100806011192,WORKSTORE,Workstore Easy sleek Ball pen blue ink (20 pcpack),"32,827.00",Office Supplies,CORE
10051080,GODREJ,Godrej Aerpocket,"32,336.00",Cleaning & Hygiene Products,CORE
100210010220,WORKSTORE,Workstore ST-6676 132MM EASY GRIP SCISSOR,"30,556.00",Office Supplies,CORE
10049891,COLIN,Cleaning Liquid Colin 500ml,"29,761.00",Cleaning & Hygiene Products,CORE
100803060113,WORKSTORE,"SF50003, White Board Marker, Green","29,486.00",Office Supplies,CORE
100806011685,WORKSTORE,"EASY Fine Tip Ball Pen, Black,, 5 pcs/pack","28,879.00",Office Supplies,CORE
100203010009,CAMLIN,"Camlin Correction Fluid Pen, Metal Tip - 7700198","28,004.00",Office Supplies,CORE
100503060088,C&W,"Toilet Rolls 100gms, 10x11cms,, 35gsm, 2 Ply, 20 Rolls Pack","27,901.00",Cleaning & Hygiene Products,CORE
200101010025,DURACELL,Duracell MN2400 Alkaline battery AAA 1.5V 2Pc/Pk 81558283,"27,215.00",Office Supplies,CORE
102301010002,DURACELL,Duracell AA8 Alkaline Battery (Pack of 8 pcs) - 81580461,"26,953.00",Office Supplies,CORE
100623070015,STANDARD,STANDARD C-RULED REGISTER-55GSM-2 QUIRE,"26,552.00",Office Supplies,CORE
100204010093,WORKSTORE,Workstore ST-7242 JUMBO MULTIPURPOSE CUTTER,"25,651.00",Office Supplies,CORE
100803060004,CAMLIN,"Camlin White Board Marker, Plastic Body, Green - 7268175","24,223.00",Office Supplies,CORE
100212010017,KANGARO,Kangaro Staple Pins No.10 20 Pack/Box,"23,259.00",Office Supplies,CORE
10049630,DETTOL,Dettol Handwash Liquid 200 ml Dispenser Pump,"22,822.00",Cleaning & Hygiene Products,CORE
100803060005,CAMLIN,"Camlin White Board Marker, Plastic Body, Red - 7268369","22,756.00",Office Supplies,CORE
100603010008,STANDARD,"Art Paper Chart Paper, Size  228 x 30, Colour White","22,045.00",Office Supplies,CORE
10046050,WORKSTORE,Workstore Yellow Highlighter W105 1 Pc,"21,558.00",Office Supplies,CORE
100805020014,NATARAJ,"NATARAJ 621 PENCILS, HB, (PACK OF 10)","21,556.00",Office Supplies,CORE
10049635,DETTOL,Dettol Original Handwash Liquid Refill Pouch 175gms,"21,501.00",Cleaning & Hygiene Products,CORE
100806010069,LINC,LINC GLYCER BALL PEN; 0.6 MM; BLUE; 5 PCS/PACK,"21,247.00",Office Supplies,CORE
100509010004,STANDARD,Hand Gloves Rubber Medium Red Colour 1 Pair,"20,761.00",Cleaning & Hygiene Products,CORE
100302050057,WORKSTORE,Workstore ST-1333 BOARD DUSTERR SMALL SIZE,"20,543.00",Office Supplies,CORE
100408090058,WORKSTORE,Transparent Polypropylene Sheet Protector A/4 100Pcs/Pk,"20,373.00",Office Supplies,CORE
100501190096,STANDARD,STANDARD HEAVY DUTY FLOOR SCRAPPER,"19,922.00",Cleaning & Hygiene Products,CORE
100616030097,WORKSTORE,SF40038 Stickies Yellow Notes Size 3x4 100 Sheets/Pack,"19,843.00",Office Supplies,CORE
10049680,HARPIC,Cleaning Liquid Harpic 500ml,"19,771.00",Cleaning & Hygiene Products,CORE
10046049,WORKSTORE,Workstore Stamp Pad WS102 Small (88x54MM) Violet Color,"18,644.00",Office Supplies,CORE
102102010002,KORES,KORES  CLASSIC PREMIUM HB  PENCILS 10 PC PACK,"18,545.00",Office Supplies,CORE
10050688,GODREJ,Godrej aer Air Freshener Spray 270ml Voilet Valley Bloom,"18,407.00",Cleaning & Hygiene Products,CORE
100501010008,STANDARD,"Broom Stick Coconut, 250 Gms","18,249.00",Cleaning & Hygiene Products,CORE
100401010148,SAS,WORKSTORE  30015 CARDBOARD INDEX BOX  FILE WITH KANGARO CLIP F/S SIZE  OR SIMILAR,"18,163.00",Office Supplies,CORE
100202050031,WORKSTORE,Workstore  Rubber Bands 2 Inch 500 gm/Pck,"18,157.00",Office Supplies,CORE
100408050142,STANDARD,DOCUMENT MY CLEAR BUTTON BAG FOLDER (SIZE F/S) OR SIMILAR,"17,637.00",Office Supplies,CORE
100202040076,WORKSTORE,Workstore ST-1545 Colored Push Pins,"17,616.00",Office Supplies,CORE
10045691,3M,"3M Scotch Brite Pad 4""x6"" (Pacck of 4)","17,534.00",Cleaning & Hygiene Products,CORE
10049849,KIWI,KIWI CLEANING POWDER DRAINEX 50GMS SACHET FORDRAIN CLEANER,"17,273.00",Cleaning & Hygiene Products,CORE
100501070003,STANDARD,"Yellow Cloth Duster, Size 24""  x 27""","17,085.00",Cleaning & Hygiene Products,CORE
100806010028,CELLO,"Cello Fine Grip Ball Pen, 0.7 MM, Black, 5 Pc/Pack","16,701.00",Office Supplies,CORE
10054501,AURA,AURA LAVENDER ROOM FRESHNER 300 ML  PCS - 1,"16,105.00",Cleaning & Hygiene Products,CORE
102301010003,DURACELL,Duracell AAA4 Alkaline Battery (Pack of 4 pcs)- 81580463,"16,054.00",Office Supplies,CORE
100207020011,FEVISTIK,Fevistik Super Glue Stick 8 G,"15,907.00",Office Supplies,CORE
100806050323,UNIBALL,"Uniball Click Gel Pen , Blue","15,854.00",Office Supplies,CORE
100501190064,STANDARD,Liquid Spray Bottle & Cap With Trigger,"15,686.00",Cleaning & Hygiene Products,CORE
100501010010,STANDARD,"Broom Soft Grass, 250gms","15,428.00",Cleaning & Hygiene Products,CORE
100210010222,WORKSTORE,Workstore ST-7676 178MM EASY GRIP SCISSOR,"15,164.00",Office Supplies,CORE
100603020006,STANDARD,STANDARD BROWN PAPER WITH LAMINATION,"14,921.00",Office Supplies,CORE
100803050011,CAMLIN,"Camlin Permanent Marker, Plastic Body, Red - 7270369","14,893.00",Office Supplies,CORE
100623070014,STANDARD,STANDARD C-RULED REGISTER-55GSM-1 QUIRE,"14,856.00",Office Supplies,CORE
100705010011,CAMLIN,"Camlin Assorted Sketch Pen Set- In Pouch, 12 Pc/Pk - 404455","14,341.00",Office Supplies,CORE
100209010007,CAMLIN,"Camlin Exam Plastic Scale 12""- 5248491","14,163.00",Office Supplies,CORE
10051734,CELLO,CELLO SUPER STAR/ MY GEL PEN BLUE  (PACK of 5),"13,999.00",Office Supplies,CORE
110101010035,KLEENAL,Kleenal CHM-40 Micro Fiber Cleaning cloth,"13,588.00",Cleaning & Hygiene Products,CORE
100806011400,STANDARD,Workstore Easy sleek Ball pen black ink (20 pcpack),"13,399.00",Office Supplies,CORE
100408020102,WORKSTORE,PLASTIC TRANSPARENT REPORT FILE - A4 SIZE OR SIMILAR,"13,334.00",Office Supplies,CORE
100408070106,WORKSTORE,WORKSTORE L FOLDER-A4 SIZE TRANSPARENT COLOR (PACK OF 20) OR SIMILAR,"13,086.00",Office Supplies,CORE
10049922,VIM,Cleaning Liquid Vim Dishwash 500ML Bottle,"13,078.00",Cleaning & Hygiene Products,CORE
10051175,C&W,C&W Oxo-Biodegradable Garbage Bag Green 19X21 Pack of 30,"12,855.00",Cleaning & Hygiene Products,CORE
100501110024,KLEENAL,Kleenal MC-300 Clip mop Cotton Refill 300 gms,"12,811.00",Cleaning & Hygiene Products,CORE
10049919,VIM,VIM Bar Dishwashing Soap MRP 10,"12,504.00",Cleaning & Hygiene Products,CORE
100202010152,WORKSTORE,Workstore ST 2555 BINDER CLIP 25MM,"11,448.00",Office Supplies,CORE
100211010022,CAMEL,CAMLIN/KORES  STAMP PAD INK VIOLET 25 ML - 7612451,"11,361.00",Office Supplies,CORE
100616030094,WORKSTORE,"SF40035, Stickies-Yellow Notess, Size 1.5 x 2"", 100 Sheets/P","10,964.00",Office Supplies,CORE
100503030039,C&W,"M-Fold Towel, 21 x 21 cms, Whiite, 150 Pulls, 20 pack/Case","10,800.00",Cleaning & Hygiene Products,CORE
10049686,LIZOL,LIZOL F.C  CLEANING LIQUID 500ML,"10,603.00",Cleaning & Hygiene Products,CORE
100302050058,WORKSTORE,Workstore ST-3333 MAGNETIC BOAARD DUSTER BIG SIZE,"10,504.00",Office Supplies,CORE
100803030123,CAMLIN,Camlin CD Dvd Marker Pen Blue - 7289018,"10,305.00",Office Supplies,CORE
100214010039,WORKSTORE,"SF20011, Brown Tape, 24 MM (1 Inch) x 50 M","10,160.00",Office Supplies,CORE
100623070011,STANDARD,STANDARD C-RULED REGISTER 4 QUIRE F/S,"10,030.00",Office Supplies,CORE
10057239,GALA,GALA  MOP WET REFILL  240/R Clipp `N'  FIT 350 GM APPROX WEIGHT PCS - 1,"9,992.00",Cleaning & Hygiene Products,CORE
100202010153,WORKSTORE,Workstore ST1955 Binder Clip 19MM,"9,884.00",Office Supplies,CORE
10058860,GODREJ,GODREJ Aer Matic AIR FRESHENER REFILL 225 ML  PCS - 1,"9,830.00",Cleaning & Hygiene Products,CORE
100608010030,STANDARD,"STANDARD WHITE PAPER ENVELP, 70 GSM, 9.5"" X 4.5"",(Pack of 50)","9,728.00",Office Supplies,CORE
10046048,WORKSTORE,Workstore Stamp Pad WS101 Medium (108x65MM) Violet Color,"9,599.00",Office Supplies,CORE
100214060030,WONDER,"WONDER TRANSPARENT BOPP TAPE, WIDTH 0.5 INCH X 50 MTRS ROLL","9,424.00",Office Supplies,CORE
100212040007,KANGARO,"Kangaro Stapler HS-10D / HD-10D, 10 Sheets, No 10 Staple","9,362.00",Office Supplies,CORE
10046051,WORKSTORE,"Workstore Prompts 1""x3"" 3 colors 150 Prompts","9,140.00",Office Supplies,CORE
100401010129,WORKSTORE,WORKSTORE  30006 PVC LAMINATED  LEVER ARCH BOX FILF/S OR SIMILAR,"9,049.00",Office Supplies,CORE
100501220025,STANDARD,"Scrubbing Pad Sponge Pad White 4"" X  6""","9,049.00",Cleaning & Hygiene Products,CORE
100401010151,WORKSTORE,WORKSTORE  30017 PVC LAMINATED LEVER ARCH BOX FILEF/S WITH KANGARO CLIP OR SIMILAR,"8,988.00",Office Supplies,CORE
100202020131,WORKSTORE,Workstore ST 4545 Colored Paper Clips,"8,935.00",Office Supplies,CORE
100803030124,CAMLIN,Camlin CD Dvd Marker Pen Red - 7289369,"8,910.00",Office Supplies,CORE
10049886,PRIL,Cleaning Liquid Pril Concentrate 425ml Utensil Cleaner,"8,901.00",Cleaning & Hygiene Products,CORE
100302010005,STANDARD,"STANDARD MAGNETIC BUTTONS;ROUND SHAPE;DIA30 MM;ASSORTED,(PACK OF 6 )","8,840.00",Office Supplies,CORE
100408070061,STANDARD,MORACCO L FOLDER TRANSPARENT SIZE A4  OR SIMILAR,"8,778.00",Office Supplies,CORE
10051040,WORKSTORE,Workstore WSSF-42 Transparent A-4 Strip Folder(Pck of 10),"8,707.00",Office Supplies,CORE
100605010130,TRIDENT,"SPECTRA PRINTING PAPER 75 GSM,  A4 SIZE (500 SHEETS/ REAM) OR SIMILAR","8,695.00",Office Supplies,NON CORE
10049653,STANDARD,Air freshner cake Napthalene Balls 100gms,"8,684.00",Cleaning & Hygiene Products,CORE
100801010060,NATARAJ,"NATARAJ 621 PLASTO ERASER, (PACK OF 20)","8,426.00",Office Supplies,CORE
100632010005,TRIDENT,Trident My choice  Copier Papeer 70 GSM  A4 (500 sheets/ream,"8,350.00",Office Supplies,NON CORE
10054502,AURA,AURA DESIRE ROOM FRESHNER 300 ml   PCS - 1,"8,124.00",Cleaning & Hygiene Products,CORE
10051176,C&W,C&W Oxo-Biodegradable Garbage Bag Green 30X40 Pack of 10,"7,864.00",Cleaning & Hygiene Products,CORE
100212040012,KANGARO,"Kangaro HS-45P Stapler,Capacity 30Sht,24/6-26/6 Staple","7,862.00",Office Supplies,CORE
10049862,STANDARD,White Phenol Perfumed 5 Ltrs Can,"7,628.00",Cleaning & Hygiene Products,CORE
100806011686,WORKSTORE,"EASY Fine Tip Ball Pen, Red, 5 pcs/pack","7,567.00",Office Supplies,CORE
100501110026,KLEENAL,Kleenal ASC-60 Dry Mop Acrylic Refill 60 CM,"7,430.00",Cleaning & Hygiene Products,CORE
100202010151,WORKSTORE,Workstore ST 3255 BINDER CLIP 32MM,"7,209.00",Office Supplies,CORE
100503020046,C&W,C&W Facial Tissue  2ply 100 Puulls  Per pack,"7,104.00",Cleaning & Hygiene Products,CORE
10046052,STANDARD,Color Flags 1.2 x 4.5 cm 5 color,"6,917.00",Office Supplies,CORE
100202010150,WORKSTORE,Workstore ST 4155 BINDER CLIP 41MM,"6,824.00",Office Supplies,CORE
100501060002,STANDARD,Dust Pan with Brush,"6,822.00",Cleaning & Hygiene Products,CORE
100214040064,STANDARD,STANDARD CELLO TAPE DISPENSER BIG(FOR TAPES TILL 1 INCH SIZE)  OR SIMILAR,"6,705.00",Office Supplies,CORE
100210010221,STANDARD,Goodmake ST-8676  Big scissors,"6,653.00",Office Supplies,CORE
101501010009,CHROME,Chrome Standard 12 digit calculator - 9231B,"6,636.00",Office Supplies,CORE
100806050324,UNIBALL,"Uniball Click Gel Pen, Black","6,613.00",Office Supplies,CORE
100207010070,FEVIKWIK,"Fevikwik One Drop Instant Adhesive Tube, 0.5 G","6,537.00",Office Supplies,CORE
100807010149,CAMLIN,Camlin Exam Sharpener Box Of 20Pcs - 5249488,"6,452.00",Office Supplies,CORE
100501110075,KLEENAL,Kleenal SC-40 Dry Mop Cotton Refill 40 CM,"6,333.00",Cleaning & Hygiene Products,CORE
200101010047,DURACELL,Duracell MN1300 Alkaline battery D(LR20)1.5V 2Pc/Pk,"6,271.00",Office Supplies,CORE
10054106,IRIS,IRIS IRFV0272 LEMON GRASS FRAGRANCE VAPORIZER OIL 1 LTR  PCS - 1,"6,196.00",Cleaning & Hygiene Products,CORE
10049682,HIT,Insecticide Spray Can HIT 200ml Black for Mosquitoes,"6,150.00",Cleaning & Hygiene Products,CORE
100409020219,WORKSTORE,DRing Binder 24 MM A4 size Assrtd color,"6,091.00",Office Supplies,CORE
100202040077,WORKSTORE,Workstore ST-2545 Colored Push Pins,"6,012.00",Office Supplies,CORE
100209010027,STANDARD,"STANDARD STAINLESS STEEL SCALE, 12 INCH","5,975.00",Office Supplies,CORE
100208010001,KANGARO,"Kangaro DP-280 Paper Punch, Caapacity 11 Sheets, Dia. 5.50 M","5,902.00",Office Supplies,CORE
10049632,DETTOL,Dettol Fresh Original Hand Wash900 ml1pcs,"5,883.00",Cleaning & Hygiene Products,CORE
100623070184,STANDARD,STANDARD C-RULED REGISTER 5 QUIRE F/S,"5,791.00",Office Supplies,CORE
100803010003,CAMLIN,Camlin Hi-Lighter Marker Pen Assorted 5 Pc/Set 7287001,"5,758.00",Office Supplies,CORE
10051177,C&W,C&W Oxo-Biodegradable Garbage Bag Green 30X50 Pack of 10,"5,705.00",Cleaning & Hygiene Products,CORE
100616030098,WORKSTORE,SF40039; Stickies-Yellow Notess; Size 3x5; 100 Sheets/Pack,"5,597.00",Office Supplies,CORE
200101010062,DURACELL,Duracell MN1604 Alkaline battery 9V 2 Pcs/Pack 82229985,"5,556.00",Office Supplies,CORE
10049652,STANDARD,SANITORY CUBES 200GM,"5,525.00",Cleaning & Hygiene Products,CORE
10062555,STANDARD,STANDARD LIFE BOUY/DETTOL/ANCHOR HANDWASH SOAP 125 MG  PCS - 1,"5,495.00",Cleaning & Hygiene Products,NON CORE
102105010029,WORKSTORE,Workstore Assorted Color Highllighter - 5 PCS,"5,457.00",Office Supplies,CORE
100503090069,C&W,"Tissue Napkin, 30x30cms,18gsm,100pcs/pack,50 pack/ Case","5,418.00",Cleaning & Hygiene Products,CORE
100616030003,3M,"3M Post-It Notes 3"" x 3"", Yelllow, 100 Notes/Pack","5,359.00",Office Supplies,CORE
100501070013,STANDARD,"Duster Cloth Floor 18"" x 18""","5,286.00",Cleaning & Hygiene Products,CORE
100803050010,CAMLIN,"Camlin Permanent Marker, Plastic Body, Green - 7270175","5,285.00",Office Supplies,CORE
10049983,REYNOLDS,REYNOLDS 045 FINE CARBURE BALL PENBLUE (PACK OF 10 ),"5,245.00",Office Supplies,CORE
100202050013,WORKSTORE,Workstore Rubber Bands 4 Inch 500 gm/ Pck,"5,204.00",Office Supplies,CORE
100212020005,KANGARO,Kangaro SR-100 Plastic Body Staple Remover 10 24/6 26/6,"5,162.00",Office Supplies,CORE
100501190077,STANDARD,STANDARD SCRAPER METAL PATTI BLADE SIZE -3 INCHES X 4 INCHES,"5,092.00",Cleaning & Hygiene Products,CORE
100501110082,KLEENAL,"Wet Mop Set  PM-350, with Alluuminium Handle 4.5ft","5,090.00",Cleaning & Hygiene Products,CORE
100803010004,CAMLIN,"Camlin Hi-Lighter Marker Pen, Yellow - 7287130","5,069.00",Office Supplies,CORE
100623070209,STANDARD,STANDARD C-RULED REGISTER-55GSM-6 QUIRE F/S,"5,067.00",Office Supplies,CORE
10054503,AURA,AURA CHANDAN ROOM FRESHNER 300 ml  PCS - 1,"5,004.00",Cleaning & Hygiene Products,CORE
10051735,CELLO,CELLO SUPER STAR/ MY GEL PEN BLACK (PACK of 5),"4,967.00",Office Supplies,CORE
100212010009,KANGARO,Kangaro Chisel Point Staple Pins No 23/17-H 1000 Pins/Pck,"4,808.00",Office Supplies,CORE
100626010006,STANDARD,Transparent Lamination Sheet (A4) 125 Micron 100Pcs/Pck,"4,780.00",Office Supplies,CORE
110301010001,C&W,"C&W Toilet Rolls 200gms 10x11ccms 35gsm, 2 Ply, 20 Rolls Pac","4,739.00",Cleaning & Hygiene Products,CORE
100208010003,KANGARO,"Kangaro DP-500 Paper Punch, Caapacity 22 Sheets, Dia. 5.50 M","4,730.00",Office Supplies,CORE
100501190054,STANDARD,"SPONGE, LOW DENSITY, SIZE 105 MM X 158 MM","4,691.00",Cleaning & Hygiene Products,CORE
100501110084,KLEENAL,Kleenal PFS-40 Dry Mop Set With Cotton Refill 40 CM and Metal Handle 4.5 Feet,"4,593.00",Cleaning & Hygiene Products,CORE
100501110030,KLEENAL,Kleenal PFS-60 Dry Mop Set With Cotton Refill 60 CM and Metal Handle 4.5 Feet,"4,543.00",Cleaning & Hygiene Products,CORE
100623050569,WORKSTORE,Wiro 5 Subject notebook 300 Pages PP black  Size A5,"4,486.00",Office Supplies,CORE
100205090181,WORKSTORE,Workstore ST-8080 ROUND PLASTIC PEN STAND,"4,405.00",Office Supplies,CORE
200101010034,DURACELL,Duracell MN1400 Alkaline battery C(LR14)1.5V 2Pc/Pk,"4,356.00",Office Supplies,CORE
10045813,WORKSTORE,Workstore Plastic keychain with name Tag (Pack of 20 Pcs),"4,300.00",Office Supplies,CORE
100302050003,OMEGA,"1561 Omega Board Duster, Light Weight","4,278.00",Office Supplies,NON CORE
100501190121,KLEENAL,Kleenal K-40M Mini Pocket Scrapper with Blade,"4,271.00",Cleaning & Hygiene Products,CORE
100202050015,STANDARD,Nylon Rubber Band 2 inch Assorted Colours 500 gm/Pk,"4,240.00",Office Supplies,CORE
10049628,DETTOL,DETTOL ANTISEPTIC 550ML BOTTLE,"4,196.00",Cleaning & Hygiene Products,CORE
10049655,STANDARD,Air Freshner Cake Urinal Cubes 400 Gms/Pack,"4,170.00",Cleaning & Hygiene Products,CORE
100501180002,GALA,GALA 232 PLASTIC  FLOOR WIPER 16 107CM PIPE,"4,162.00",Cleaning & Hygiene Products,CORE
100408090057,WORKSTORE,Transparent Polypropylene Sheet Protector F/S 100Pcs/Pk,"4,140.00",Office Supplies,CORE
10049683,HIT,Insecticide Spray Can HIT 200ml Red for Cockroaches,"4,108.00",Cleaning & Hygiene Products,CORE
100501210041,STANDARD,Toilet Brush Hockey Stick Shape Nylon Bristl Plastic Handl,"4,057.00",Cleaning & Hygiene Products,CORE
100623070161,STANDARD,STANDARD ATTENDANCE REGISTER SIZE 340 X 200MM,"4,044.00",Office Supplies,CORE
201601010099,CASIO,"Casio Calculator MJ-120 D, 12  Digit","3,979.00",Office Supplies,CORE
100623090046,STANDARD,Long Exercise Soft bound 30451 Notebook,"3,769.00",Office Supplies,CORE
10061216,STANDARD,STANDARD MPL-06 SELF ADHESIVE LABELS  A/4(Pack OF 100 ),"3,502.00",Office Supplies,NON CORE
10054105,IRIS,IRIS IRFV0272 LAVENDER FRAGRANCE VAPORIZER OIL 1 LTR  PCS - 1,"3,479.00",Cleaning & Hygiene Products,CORE
100501110083,KLEENAL,"Wet Round Mop Set,MC 300 Red HHead,Alluminium Handle 4.5ft","3,364.00",Cleaning & Hygiene Products,CORE
100605010023,JK,"JK Copier Paper, 75 GSM, A3, WWhite, 500 Sheets/Ream","3,362.00",Office Supplies,CORE
10048362,JK,JK Excel Bond Paper 80GSM A4 (500 sheets/Ream),"3,334.00",Office Supplies,CORE
10062554,C&W,C&W /WIZCLEAN GLASS CLEANER 500 ML PUMP BOTTLE,"3,304.00",Cleaning & Hygiene Products,NON CORE
100623050771,WORKSTORE,WIRO NOTEBOOK 160 PAGES BLACK  A5 SIZE,"3,282.00",Office Supplies,CORE
100501190023,GALA,GALA 198/D DUSTPAN 1 PC,"3,274.00",Cleaning & Hygiene Products,CORE
10057914,CELLO,CELLO GRIPPER BALL PEN BLACK   INK  0.5MM (PACK OF 10 PCS ),"3,264.00",Office Supplies,CORE
100501190026,GALA,GALA 204 PLUNGER; MEDIUM; 1 PC,"3,257.00",Cleaning & Hygiene Products,CORE
10049578,AIR WICK,Airwick Refill  250 ml,"3,247.00",Cleaning & Hygiene Products,CORE
10054074,STANDARD,GOOD MAKE  FLOOR POCHA 24 X 24 (PACK OF 12)  PACK of 1,"3,214.00",Cleaning & Hygiene Products,CORE
100212010023,KANGARO,Kangaro Staple Pins No 24/6 20 Pack/Box,"3,204.00",Office Supplies,CORE
10060885,JK,JK  COPIER PAPER SIZE A5  WHITE  75GSM 500  SHEETS PER REAM,"3,050.00",Office Supplies,NON CORE
100501230033,KLEENAL,"18"" Kleenal Plastic Frame Wipeer","3,043.00",Cleaning & Hygiene Products,CORE
100201030010,STANDARD,"Polypropylene Visitor Badge Cover Clip, 100 PCS / PACK","3,037.00",Office Supplies,NON CORE
100207020012,FEVISTIK,Fevistik Super Glue Stick 15 G,"3,017.00",Office Supplies,CORE
100211020014,CAMLIN,Camlin Stamp Pad Plastic  No 2 Medium (Violet ) - 7605451,"3,013.00",Office Supplies,CORE
100501010017,STANDARD,PREMIUM BROOM SOFT GRASS 500GMS WEIGHT,"3,008.00",Cleaning & Hygiene Products,CORE
100806050042,LINC,LINC OCEAN GEL PEN; 0.5 MM; BLUE; (PACK OF 5),"2,845.00",Office Supplies,CORE
100501110023,KLEENAL,"Mop Dry Set 24"" 5Ft MS Handle,,24"" Cotton Refill,Mop Holder","2,778.00",Cleaning & Hygiene Products,CORE
100207010031,FEVICOL,Fevicol Mr Easy Flow (Squezee Bottle) 100 G,"2,743.00",Office Supplies,CORE
100202010154,WORKSTORE,Workstore ST1555 BINDER CLIP 15MM,"2,739.00",Office Supplies,CORE
100608010033,STANDARD,"STANDARD CLOTH-LINED ENVELOPES, 16"""" X 12"", (PACK OF 25 )","2,692.00",Office Supplies,CORE
100605010165,JK,JK ledger paper ream 80 GSM FS size(21.5x34.5cm),"2,644.00",Office Supplies,CORE
100501110032,KLEENAL,"Mop Dry Refill 24"" Cotton Whitte Kleenal","2,640.00",Cleaning & Hygiene Products,CORE
100803030125,CAMLIN,Camlin CD Dvd Marker Pen Green - 7289175,"2,635.00",Office Supplies,CORE
100501180006,GALA,Gala 941 Kitchen Moppy,"2,632.00",Cleaning & Hygiene Products,NON CORE
10055032,STANDARD,STANDARD MASKING TISSUE TAPE 1 INCH X 15 MTR ( PACK OF 6),"2,611.00",Office Supplies,CORE
100212040005,KANGARO,Kangaro HP-45 Stapler Capacity 30 Sheets 24/6-26/6 Staple,"2,589.00",Office Supplies,CORE
100202050014,STANDARD,Nylon Rubber Band 4 inch Assorted Colours 500 gm/Pk,"2,529.00",Office Supplies,CORE
10049587,C&W,ULTRA CARE LIQUID HANDWASH ORIGINAL 5 LITRE CAN,"2,480.00",Cleaning & Hygiene Products,CORE
100616030089,3M,"STICKIE /POSTIT   NOTES 3"" X 3"" 100 SHEETS/NOTES","2,406.00",Office Supplies,CORE
10056571,LIFEBUOY,LIFEBUOY  SOAP MRP 36,"2,400.00",Cleaning & Hygiene Products,NON CORE
100709010007,STANDARD,CLIP BOARD SIZE 240 MM X 370 MM 1 PCS,"2,394.00",Office Supplies,CORE
100605010019,JK,JK copier paper 75 GSM Fullscape size (500 shts ream,"2,372.00",Office Supplies,CORE
100408020103,WORKSTORE,Workstore Report File - FC Assorted,"2,363.00",Office Supplies,CORE
100501110049,KLEENAL,Mop Wet Round Refill with round plastic holder,"2,362.00",Cleaning & Hygiene Products,CORE
100608010336,STANDARD,"STANDARD BROWN PAPER ENVELOPES, 80 GSM,, 16"" X 12""(PACK OF 25 )","2,289.00",Office Supplies,CORE
10052443,OMAX,OMAX/PRIME  PLASTIC DOCUMENT TRAY 4 Tier set  ( 4 PCS  SET),"2,263.00",Office Supplies,CORE
10062556,C&W,C&W /WIZCLEAN TOILET CLEANER 1000 ML BOTTLE,"2,209.00",Cleaning & Hygiene Products,NON CORE
100502040001,STANDARD,"Disposable Paper Cups, 150 ml x 5000 Pc/Pack , 185Gsm","2,191.00",Pantry Supplies,CORE
100608010031,STANDARD,"STANDARD CLOTH-LINED ENVELOPES, GREEN, 12"" X 10"",(PACK OF 50)","2,149.00",Office Supplies,CORE
100501210035,STANDARD,Brush Cobweb Ceiling Nylon Briistles With 5Ft Ms Handle,"2,143.00",Cleaning & Hygiene Products,CORE
100509010003,STANDARD,Hand Gloves Knitted Cotton White 1 Pair/Pack,"2,073.00",Cleaning & Hygiene Products,CORE
100209010005,CAMLIN,"Camlin Exam Plastic Scale, 6 inch - 5248480","1,993.00",Office Supplies,NON CORE
100408070111,WORKSTORE,WORKSTORE  L FOLDER-FULLSCAPE  SIZE TRANSPARENTCOLOR (PACK OF 20) OR SIMILAR,"1,989.00",Office Supplies,CORE
100201020049,STANDARD,"ID Card Holder,Colour Black, Double Sided, 100 Pc/Pack","1,978.00",Office Supplies,CORE
100608010180,STANDARD,"Goodmake White Paper Envelopes, 80 Gsm,16” X 12”,25 pcs/pack","1,956.00",Office Supplies,CORE
100603010011,STANDARD,"Colour Chart Paper, Size 22"" xx 28""","1,900.00",Office Supplies,CORE
10055033,STANDARD,GOOD MAKE MASKING TISSUE TAPE 2 INCH X 15 MTR ( PACK OF 3),"1,883.00",Office Supplies,CORE
10054975,CELLO,CELLO TRI-MATE BALL PEN RED (PACK OF 5)  PACK of 1,"1,807.00",Office Supplies,CORE
10058859,GODREJ,GODREJ AER MATIC AIR FRESHENER DISPENSER WITHREFILL-SET,"1,790.00",Cleaning & Hygiene Products,CORE
100501110051,CHARNOCK,"Charnock CH15 Mop Wet cotton refill 6"" width, length 12""","1,790.00",Cleaning & Hygiene Products,CORE
100205010004,STANDARD,Plastic Damper Round Shape Size Medium,"1,780.00",Office Supplies,CORE
100502050508,PEARLPET,"Pearlpet Water Bottle Capacity 1 Ltrs,Transparent 6 Pcs/Pac","1,775.00",Pantry Supplies,CORE
100501230010,KLEENAL,"KLEENAL WINDOW SQUEEZEE GLASS 12"", KLEENALWINDOW SQZ GLASS","1,760.00",Cleaning & Hygiene Products,CORE
110101010033,KLEENAL,Kleenal HS-10 Plastic Platformm / Table Squeezee,"1,711.00",Cleaning & Hygiene Products,CORE
100806100003,LUXOR,"LUXOR 921 SIGN PEN, FINE TIP, BLUE,(PACK OF 10)","1,696.00",Office Supplies,CORE
100401010178,WORKSTORE,WORKSTORE  30065 CARDBOARD BOX FILE VOUCHERSIZE OR SIMILAR,"1,673.00",Office Supplies,CORE
100624010014,KORES,KORES MULTICOPY CARBON PAPER BLUE SIZE 210MM X 330100SHT/PK,"1,662.00",Office Supplies,CORE
10054232,STANDARD,GOOD MAKE DISPOSABLE PAPER CUP CAPACITY 110 ML (100 PC PACK)  PACK of 1,"1,619.00",Cleaning & Hygiene Products,NON CORE
10055034,STANDARD,GOOD MAKE MASKING TISSUE TAPE 3 INCH X 15 MTR ( PACK OF 2),"1,618.00",Office Supplies,NON CORE
100608010119,STANDARD,"STANDARD BROWN PAPER ENVELOPES, 70 GSM, 12"" X10"", (PACK OF 50 )","1,597.00",Office Supplies,CORE
100806100002,LUXOR,"LUXOR 921 SIGN PEN, FINE TIP, BLACK, (PACK OF 10 )","1,595.00",Office Supplies,CORE
100806080001,PILOT,"801 Pilot Hi-Tecpoint 05 Microo Tip Pen, 0.5 MM, Blue","1,592.00",Office Supplies,CORE
100101050030,ODDY,Oddy/Prime Flip chart calender type white (Roll of25 sheets),"1,579.00",Office Supplies,CORE
100501070021,STANDARD,"Duster Cloth Glass 20"" X20"" (Green)","1,569.00",Cleaning & Hygiene Products,CORE
100202050048,STANDARD,STANDARD RUBBER BAND 45GMS ASSORTED SIZES,"1,562.00",Office Supplies,CORE
100501190098,STANDARD,Plastic Spray Gun Trigger,"1,547.00",Cleaning & Hygiene Products,CORE
100501110001,GALA,Mop Wet Set Gala 240 Clip `N' Fit Cotton Mop,"1,481.00",Cleaning & Hygiene Products,CORE
100501210004,GALA,Brush Toilet Round Gala 311,"1,475.00",Cleaning & Hygiene Products,CORE
100626010019,STANDARD,Lamination Pouch 80 Micron A3 100Pcs/Pack,"1,464.00",Office Supplies,CORE
10045690,3M,3M Scotch Brite Two-in-One Scrrub Sponge (Pack of 2),"1,451.00",Cleaning & Hygiene Products,CORE
100608010092,STANDARD,STANDARD BROWN PAPER ENVELOPES 80 GSM 9.5 X 4.5 (PACK OF 50),"1,448.00",Office Supplies,CORE
100202030031,STANDARD,Bright Silvery High Plated Paper Pins 50 gms/Pack,"1,443.00",Office Supplies,CORE
10059427,HIT,HIT  INSECTICIDE SPRAY CAN HIT 400ML BLACK FOR MOSQUITOES,"1,435.00",Cleaning & Hygiene Products,CORE
10049648,GOOD KNIGHT,Mosquito Liquid Refill-45 Nights,"1,418.00",Cleaning & Hygiene Products,CORE
10054131,STANDARD,STANDARD DYNA MUG,"1,408.00",Cleaning & Hygiene Products,CORE
100208010002,KANGARO,"Kangaro DP-480 Paper Punch, Caapacity 12 Sheets, Dia. 5.50 M","1,390.00",Office Supplies,CORE
100302050044,OMAX,Omax Non Magnetic White Board Duster Art No.333,"1,388.00",Office Supplies,CORE
100806090058,UNIBALL,"LINC UNIBALL UB-150 EYE ROLLER PEN, 0.5MM, BLUE","1,386.00",Office Supplies,CORE
100501210071,KLEENAL,Kleenal K-139 Round Cob Web Brush for Ceilings,"1,356.00",Cleaning & Hygiene Products,CORE
100501060001,STANDARD,PLASTIC DUST PAN,"1,342.00",Cleaning & Hygiene Products,CORE
200501040009,STANDARD,STANDARD MOUSE PAD,"1,339.00",Office Supplies,CORE
100502030021,STANDARD,"Paper Plates, Dia 8"", 100 Pc //Pack , Silver Plated Round","1,325.00",Pantry Supplies,CORE
100214030002,3M,"3M Scotch Magic Tape, 810, 19  mm x 33 mtrs Roll","1,282.00",Office Supplies,CORE
100608010108,STANDARD,"STANDARD WHITE PAPER ENVELOPES, 80 GSM,, 12"" X 10""(PACK OF 50 )","1,252.00",Office Supplies,CORE
100806090063,UNIBALL,"UB-150 Uniball Eye Roller Pen, 0.5 MM, Black","1,249.00",Office Supplies,CORE
100405010037,STANDARD,CARDBOARD FILE DIVIDER SIZE 1/8 ASSORTED COLOR ( PACK OF 100) OR SIMILAR,"1,246.00",Office Supplies,CORE
100402010167,STANDARD,STANDARD BUSINESS CARD HOLDER SF30029 480 CARDS BLUE COLOR FILE,"1,237.00",Office Supplies,CORE
10059428,HIT,HIT  INSECTICIDE SPRAY CAN HIT 400ML RED FOR  COCKROACHES,"1,228.00",Cleaning & Hygiene Products,CORE
100503020029,KIMBERLY CLARK,Facial Tissue Box KC 1033 21cmx21cm 100Sheets/Box Kleenex,"1,221.00",Cleaning & Hygiene Products,CORE
10054984,WORKSTORE,"WORKSTORE GENERIC GREEN CLOTHLINED ENVELOPE SIZE 12""X16""(PACK OF 100 PC)  PACK of 1","1,180.00",Office Supplies,CORE
10055436,STANDARD,GOOD MAKE NITRILE GLOVES (PACK OF 100 PCS),"1,174.00",Cleaning & Hygiene Products,CORE
10051832,SOLO,SOLO CH 101 CLEAR FOLDER A4 (PACK OF 10),"1,165.00",Office Supplies,CORE
100402010166,STANDARD,Business Card Holder SF30028 240 Cards Assorted Color File,"1,165.00",Office Supplies,CORE
100202010149,WORKSTORE,Workstore ST 5155 BINDER CLIP 51MM,"1,156.00",Office Supplies,CORE
10059143,DURACELL,"DURACELL CHOTA POWER AA (LR03) 1.5V, 10 PC/PACK","1,155.00",Office Supplies,CORE
100503060089,C&W,"Toilet Rolls 150gms, 10x11cms,, 35gsm, 2 Ply, 20 Rolls Pack","1,152.00",Cleaning & Hygiene Products,CORE
100501210044,STANDARD,Toilet Brush Wc Round Shape Nylon Bristles,"1,144.00",Cleaning & Hygiene Products,CORE
100506010009,STANDARD,Bottle Cleaning Brush (Big Bottle),"1,122.00",Cleaning & Hygiene Products,CORE
10056762,DOMEX,DOMEX  FLOOR CLEANER 5 LITRE  CAN - 1,"1,060.00",Cleaning & Hygiene Products,CORE
100616010001,3M,3M Post-It Prompts 1 x 3; 3Colours; 150 Prompts/Pack,"1,015.00",Office Supplies,CORE
10061887,JK,JK ECORISE 75 GSM PAPER SIZE A/4 (500 SHEETS PER REAM),"1,010.00",Office Supplies,NON CORE
10059142,DURACELL,"DURACELL CHOTA POWER AAA (LR03) 1.5V, 10 PC/PACK","1,003.00",Office Supplies,CORE
100804020001,CAMLIN,Camlin /Flair  Mechanical  Pencil 0.5MM -6805132,"1,002.00",Office Supplies,CORE
10049588,C&W,Ultra Care Liquid Handwash Musky Melon 5 Litre Can,990,Cleaning & Hygiene Products,CORE
100623070126,STANDARD,"STANDARD 4 QUIRE OUTWARD REGISTER, FULL SIZE",981,Office Supplies,CORE
100501210033,STANDARD,"Brush Cleaning Keyboard, Bristles 1"" Width Computer Cleanin",967,Cleaning & Hygiene Products,CORE
10056577,BUZIL,BUZIL SANPRO HAND SANITIZER LIQUID 5 LTR CAN / SINGLE,959,Cleaning & Hygiene Products,NON CORE
100801010181,CAMLIN,Camlin All Clear Eraser Box Of 20Pcs - 5247484,935,Office Supplies,CORE
10049275,ARTLINE,Artline EK500 White Board Green Marker(Pack of 10),934,Office Supplies,NON CORE
10049274,ARTLINE,Artline EK500 White Board Red Marker(Pack of 10),926,Office Supplies,NON CORE
10054982,WORKSTORE,"WORKSTORE GENERIC GREEN CLOTHLINED ENVELOPE SIZE 12""X10""(PACK OF 100 PC)  PACK of 1",922,Office Supplies,CORE
100616030088,3M,3M Post-it Cube 3x3x50 Sheet 4 Color-200 Sheets,912,Office Supplies,CORE
10059928,GOOD KNIGHT,GOOD KNIGHT  MACHINE + REFILL COMBO PACK,899,Cleaning & Hygiene Products,CORE
100612020027,NOVAJET,"Novajet,Photo Glossy Paper,2400Gsm,A4 Size,20Sheets/Pack",880,Office Supplies,CORE
100501040006,WHEEL,"Wheel Detergent Powder, 1 Kg / Pack",875,Cleaning & Hygiene Products,CORE
100623070125,STANDARD,"STANDARD 4 QUIRE INWARD REGISTER, FULL SIZE",849,Office Supplies,CORE
100501190019,GALA,GALA 966 C.DOUBLE HOCKEY; 1 PC,818,Cleaning & Hygiene Products,CORE
10049984,REYNOLDS,Reynolds 045 Fine Carbure Ball Pen Black 10 Pcs/Pack,804,Office Supplies,CORE
100506110012,KLEENAL,"M-250 Clip Bracket Assy 6"" With Handle",797,Cleaning & Hygiene Products,CORE
100208010012,KANGARO,"Kangaro DP-600 Paper Punch, Capacity 22 Sheets, Dia. 5.50 M",786,Office Supplies,CORE
10056673,STANDARD,GOOD MAKE NITRILE GLOVES (PACK OF 100) SIZE-MEDIUM  PACK of 1,770,Cleaning & Hygiene Products,NON CORE
10057782,ODONIL,ODONIL ROOM FRESHENER  ROSE GARDEN 220 ML,769,Cleaning & Hygiene Products,NON CORE
100501220011,STANDARD,"Scrubbing Pad, Nylon Scrubber, Round",766,Cleaning & Hygiene Products,CORE
100605010163,JK,"JK Cedar Paper, 100 GSM, A4, WWhite, 500 Sheets/Ream",760,Office Supplies,NON CORE
100605010220,BINDAL,Bindal Copier Paper A3 Size 75 GSM 500 Sheets,740,Office Supplies,CORE
10049273,ARTLINE,Artline EK500 White Board Blue Marker(Pack of 10),731,Office Supplies,NON CORE
10046910,STANDARD,Correction Tape Music 555,722,Office Supplies,CORE
100501210037,STANDARD,"Brush Street Road W/Nylon Bristles 12"" Width & 5Ft Ms Handl",714,Cleaning & Hygiene Products,CORE
110101010010,KLEENAL,Kleenal MC-300P Wet Round Mop  Refill Red,709,Cleaning & Hygiene Products,CORE
100501220004,STANDARD,"Scrubbing Pad, Nylon Scrubber, Round, 12 Pcs/Pack",708,Cleaning & Hygiene Products,CORE
100803010103,CAMLIN,"Camlin Hi-Lighter Marker Pen, Orange - 7287135",680,Office Supplies,CORE
100803010105,CAMLIN,"Camlin Hi-Lighter Marker Pen, Green - 7287133",664,Office Supplies,CORE
100806010068,LINC,LINC GLYCER BALL PEN; 0.6 MM; BLACK; (Pack Of 5 ),664,Office Supplies,CORE
100214050001,3M,"3M Scotch Magic Tape Dispenser, Tape Width 19 MM x 33 MTRS",662,Office Supplies,CORE
100212040015,KANGARO,"Kangaro M-10 Stapler, Capacity 10 Sheets, No 10 Staple",657,Office Supplies,CORE
100501210001,KLEENAL,"Brush Flr Scrbbng 18"" x 3"" Nyllon Bristles With 5Ft MS Handl",656,Cleaning & Hygiene Products,CORE
10049272,ARTLINE,Artline EK500 White Board Black Marker(Pack of 10),647,Office Supplies,NON CORE
100205070013,OMEGA,OMEGA /OMAX PINS & CLIP DISPENSER STAND,647,Office Supplies,CORE
100501230001,KLEENAL,"Floor Squeezee 12"" Rubber Withh 4Ft MS Powder Coated Handle",643,Cleaning & Hygiene Products,CORE
110101010012,KLEENAL,Kleenal MC-300P Wet Round Mop  Refill Yellow,631,Cleaning & Hygiene Products,CORE
10049899,RIN,Cleaning Powder Rin Shakti 1kg Pack,629,Cleaning & Hygiene Products,CORE
100806050041,LINC,LINC OCEAN GEL PEN; 0.5 MM; BLACK; (PACK OF 5),629,Office Supplies,CORE
100605010142,JK,"JK Copier Plus Paper, 80 GSM,  A4, White, 500 Sheets/Ream",618,Office Supplies,NON CORE
10049687,JK PREMIUM,Premium Room Freshener Assorted Spray 125gm,597,Cleaning & Hygiene Products,NON CORE
100616020003,3M,3M Post-It Flags 0.5 x 1.7;3 CColours; 30 Flags/Pack,596,Office Supplies,CORE
100803030118,CAMLIN,Camlin CD Dvd Marker Pen Blue 7289018,569,Office Supplies,NON CORE
100201020034,STANDARD,ID CARD HOLDER PLASTIC WITH LANYARD ASSORTED COLOR,561,Office Supplies,CORE
100501110052,CHARNOCK,"Charnock C13 Mop Wet Set 4.5ftt Alu Handle,refill 6""w 12""L",549,Cleaning & Hygiene Products,CORE
200103010029,STANDARD,STANDARD SPIKE GUARD-4 WAY EXTENTION SOCKET STRIPS,549,Office Supplies,CORE
100501220033,3M,"Red Scrubbing Pad 17""1*5 5 Pc Pack",539,Cleaning & Hygiene Products,CORE
100509010002,STANDARD,Gloves Hand Surgical Latex1 Pair,525,Cleaning & Hygiene Products,NON CORE
100408090006,STANDARD,STANDARD TRANSPARENT PVC SHEET A4 PROTECTOR D-GAUGE (PACK OF 100),522,Office Supplies,CORE
100214040003,OMEGA,OMEGA 1773 MINI TAPE DISPENSER (FOR TAPES SIZE 0.5 INCH) OR SIMILAR,521,Office Supplies,CORE
10050510,STANDARD,Good Make MPL-8 Self-Adhesive Label A4 100 Sheets/Pack,512,Office Supplies,NON CORE
100212040046,KANGARO,"KANGARO HD-23S13 STAPLER,CAPACCITY 100 SHT, 23/6-23/13 STAPL",511,Office Supplies,CORE
10054129,STANDARD,STANDARD DYNA BUCKET 15 LTRS,510,Cleaning & Hygiene Products,CORE
100623050799,WORKSTORE,Workstore SF40036 one subject B5 size notebook.,504,Office Supplies,NON CORE
100605010200,JK,JK Copier Paper 75 Gsm US Lettter Size 216 X 280MM,500,Office Supplies,NON CORE
100503010053,C&W,"C-Fold Towel, 21 x 32 cms, Whiite, 150 Pulls, 20 pack/Case",492,Cleaning & Hygiene Products,CORE
100501010013,STANDARD,Broom Stick Soft 500Gms Weight,486,Cleaning & Hygiene Products,CORE
100405010097,STANDARD,Pre-P PVC File Dividers IndexA-Z Size A4 18/Set,478,Office Supplies,CORE
100501210068,KLEENAL,"Ambo Out Door Brush 18"" Soft Kleenal  NSW/18 without Handle",464,Cleaning & Hygiene Products,CORE
10049654,STANDARD,Air Freshner Cake Napthalene Balls 1Kg Pack,451,Cleaning & Hygiene Products,CORE
100405010053,STANDARD,"STANDARD CARDBOARD FILE DIVIDERS, A4, ASSORTED, (PACK OF 10 )",442,Office Supplies,CORE
100806080002,PILOT,"801 Pilot Hi-Tecpoint 05 Microo Tip Pen, 0.5 MM, Black",436,Office Supplies,CORE
100904020003,STANDARD,STANDARD PLASTIC BUBBLE-WRAP SHEET SIZE 40INCHX100MTS ROLL (THICK),434,Office Supplies,CORE
100212040003,KANGARO,"KANGARO HP-10 STAPLER, CAPACITY 20 SHEETS, NO 10 STAPLE",423,Office Supplies,NON CORE
100501190055,GALA,PLASTIC TOILET BRUSH WITH CONTAINER,422,Cleaning & Hygiene Products,CORE
10049177,STANDARD,Photo paper 240 GSM A4  20 Sheets/Pack,420,Office Supplies,NON CORE
10056831,STANDARD,GOOD MAKE CLOTH ENVELOPE SIZE 18X14 (PACK of 100)  PACK of 1,411,Office Supplies,NON CORE
100501110002,GALA,Gala 296/S 132757 Dust Control Mop 18 With Handle,381,Cleaning & Hygiene Products,CORE
100803010104,CAMLIN,"Camlin Hi-Lighter Marker Pen, Pink - 7287136",380,Office Supplies,CORE
100803010102,CAMLIN,"Camlin Hi-Lighter Marker Pen, Blue - 7287018",371,Office Supplies,CORE
10049577,AIR WICK,Air Wick Room Freshner Assorted,349,Cleaning & Hygiene Products,NON CORE
100631010046,STANDARD,"STANDARD LABEL, A4 -1, (PACK OF 100)",349,Office Supplies,CORE
100616030006,3M,"3M Post-It Notes 3"" x 4"", Yelllow, 100 Notes/Pack",346,Office Supplies,CORE
10054135,STANDARD,STANDARD DYNA PEDAL DUSTBIN PLAIN 11 LTRS,340,Cleaning & Hygiene Products,CORE
100205090183,WORKSTORE,Workstore ST-7080 MULTIFUNCTIONAL PEN STAND,340,Office Supplies,CORE
10049779,DIVERSEY,Diversey Cleaning Liquid Taski R2 2X5L Can HHTLBA1,329,Cleaning & Hygiene Products,NON CORE
100207010082,CAMLIN,Camlin Gum 300 ML,328,Office Supplies,NON CORE
10060786,NESCAFE,NESCAFE GOLD BLEND COFFEE 100G BTL. SINGLE PCS,327,Pantry Supplies,NON CORE
100501010014,STANDARD,Broom Stick Coconut 500Gms Weight,327,Cleaning & Hygiene Products,CORE
100501110076,KLEENAL,"MOP METAL HANDLE POWDER, 4.5FT METAL HANDLE",327,Cleaning & Hygiene Products,CORE
100202050080,LEERA,Leera's Nylon Rubber Band 4 inch Assorted Colours 500g/Pk,323,Office Supplies,CORE
10046857,TRIDENT,"Trident, Royal Touch Copier Paaper, A4 Size, 80 GSM (500 She",309,Office Supplies,NON CORE
100501210023,GALA,Floor Sweeping Brush Mr Tall Gala 224 with Handle,308,Cleaning & Hygiene Products,CORE
101904010003,STANDARD,STANDARD SHEET PROTECTOR THICK - (PACK OF 50),308,Office Supplies,CORE
10055064,STANDARD,GOOD MAKE CLOTH-LINED ENVELOPE SIZE 14 X 10.5 (PACK OF 100)  PACK of 1,307,Office Supplies,CORE
100913010054,STANDARD,"Shrink Wrap Roll 18'', 6 Kg",306,Office Supplies,CORE
10049580,ALA,Cleaning Liquid Ala Bleach 500ml Bottle,305,Cleaning & Hygiene Products,CORE
100623070171,STANDARD,"STANDARD VISITOR REGISTER, F/S, 55 GSM, 300 PAGES",305,Office Supplies,CORE
10049760,DIVERSEY,Diversey HHTLFA1 TASKI R6  5Ltr x 2 Can / Case,300,Cleaning & Hygiene Products,NON CORE
10052405,STANDARD,"STANDARD 3""x 3"" STICKY NOTES 4 COLOR ASSORTED  PCS",300,Office Supplies,NON CORE
10046847,BINDAL,"BINDAL PRINTING PAPER 80 GSM, A4 SIZE(500 SHEETS/ REAM) OR SIMILAR",296,Office Supplies,CORE
100208010015,KANGARO,"Kangaro DP-800 Paper Punch, Capacity 63 Sheets, Dia. 5.50 M",288,Office Supplies,CORE
100201020007,STANDARD,Oval Yoyo for ID Card Holder,280,Office Supplies,NON CORE
10052424,STANDARD,GOOD MAKE 19 MM WIDTH x 33 MTRS MAGIC TAPE DISPENSER   PCS - 1,276,Office Supplies,NON CORE
100209020007,STANDARD,STANDARD MEASURING TAPE 5MTRS WITH LOCKING CONTROL,273,Office Supplies,CORE
10053273,STANDARD,DISPOSABLE BOUFFANT CAP( PACK OF 100),270,Cleaning & Hygiene Products,NON CORE
100806080004,PILOT,"801 Pilot Hi-Tecpoint 05 Microo Tip Pen, 0.5 MM, Red",269,Office Supplies,CORE
100405010035,STANDARD,PVC File Dividers Index 1-12 150 x 230 mm 12 Sheets/Set,265,Office Supplies,CORE
100509150007,KARAM,"Karam Spectacles, Es005(Smoked), Ce Marked As Per En166:200",263,Cleaning & Hygiene Products,NON CORE
100501210024,STANDARD,"Brush Bottle Cleaning, Small",260,Cleaning & Hygiene Products,CORE
100501020044,KLEENAL,Caddy Bucket Blue K-73B,254,Cleaning & Hygiene Products,CORE
100501230024,KLEENAL,"Kleenal S-18 Heavy Duty Aluminium Rubber Squeezee 18"" with Metal Handle 5 feet",247,Cleaning & Hygiene Products,CORE
102105010003,ARTLINE,Artline Xylene Free Yellow Paint Marker (Pack of 10),240,Office Supplies,NON CORE
100409020114,SOLO,SOLO RB 402 2-D RING BINDER; A4; BLACK,239,Office Supplies,NON CORE
100501210015,STANDARD,Brush Carpet With Soft Bristlees,233,Cleaning & Hygiene Products,CORE
100501090008,STANDARD,"Surgical Hand Gloves, Medium Size, 1 Pair",231,Cleaning & Hygiene Products,NON CORE
201001010015,STANDARD,"125 Micron Lamination Pouch, 100 sheets / Pack 75mm X 105mm",224,Office Supplies,NON CORE
100501110072,KLEENAL,"Clip Mop Refill, 6"" Flat 300Gms Cotton Yarn",223,Cleaning & Hygiene Products,CORE
100408110027,STANDARD,Swingrip File A4 Transparent Blue,219,Office Supplies,NON CORE
100205040047,STANDARD,PLASTIC DOCUMENTS TRAY SIZE F/S; 1 PC,215,Office Supplies,NON CORE
10060999,STANDARD,STANDARD PAPER GLASS 200 ML 195 GSM (PACK OF 5000),213,Pantry Supplies,CORE
10052150,MADHUR,MADHUR REFINED SUGAR 5 kg,210,Pantry Supplies,NON CORE
100501230004,GALA,"Floor Squeezee 12"" With Handlee Gala 325",210,Cleaning & Hygiene Products,NON CORE
10051003,STANDARD,Good Make Pocket A7 Size Spiral Pad 10 pcs/pk,209,Office Supplies,NON CORE
10056579,STANDARD,GOOD MAKE WOVEN 3 PLY  MASK WITH NOSE CLIP  PCS - 1,200,Cleaning & Hygiene Products,NON CORE
102103010026,CELLO,Cello Tip Top ball dark Pen Blue 05 pcs/pack,200,Office Supplies,CORE
100205040042,OMEGA,1746/PP Omega Plastic Elegant Tray Set Of 2,195,Office Supplies,CORE
100501230011,KLEENAL,Kleenal K-50 Glass Squeezee SS Body with Rubber Blade 45cm,192,Cleaning & Hygiene Products,CORE
100617020135,STANDARD,STANDARD CHEQUE SAFE LABELS,192,Office Supplies,NON CORE
10049895,RECKIT BENCKISER,Mini Cream 100Ml For Polishing Leather  Other Glass Items,191,Cleaning & Hygiene Products,NON CORE
10049815,DIVERSEY,Diversey HHRLAA1 ROZALEX 5 Ltr x 2 Can,178,Cleaning & Hygiene Products,NON CORE
100501220018,STANDARD,SCRUBBING STEEL WOOL,178,Cleaning & Hygiene Products,CORE
110101010038,KLEENAL,Kleenal K-34 Lobby Dustpan with Lid & Dusting Brush,178,Cleaning & Hygiene Products,CORE
10048819,TETLEY,Tetely Green Tea Bag 100 Pc/Pack,177,Pantry Supplies,NON CORE
10051273,STANDARD,Good Make Rubber Hand Gloves Medium Size Yellow Co1 Pair,176,Cleaning & Hygiene Products,CORE
100504010147,KLEENAL,Kleenal K-119A Double Cleaning Bucket 34Ltr capacity with Wringer Trolley,176,Cleaning & Hygiene Products,CORE
101903010005,STANDARD,GoodMake sheet protector A-3 60 micron 100 Pc/Pk,174,Office Supplies,CORE
10061973,KIMBERLY CLARK,"KIMBERLY CLARK SCOTT PAPER TOWEL (M FOLD), 16 PACKS, 250 PULLS /PACK, (TOTAL 4,000 SHEETS)",169,Cleaning & Hygiene Products,NON CORE
100508030103,C&W,"Garbage Bag Black""30x40""10Pcs,Pack",169,Cleaning & Hygiene Products,NON CORE
101503010004,STANDARD,File Tag Dori  24'' Green - (Pack Of 100),169,Office Supplies,NON CORE
10049693,DIVERSEY,Diversey HHTLEA1 TASKI R5  5Ltr x 2 Can / Case,168,Cleaning & Hygiene Products,NON CORE
100806010583,CELLO,"Cello Pin Point Ball Pen, 0.5  MM, Blue, 10 Pc/Pack",165,Office Supplies,NON CORE
100202050081,LEERA,Leera's Nylon Rubber Band 2 inch Assorted Colours 500g/Pk,164,Office Supplies,CORE
10049639,FEM,Fem Liquid Hand & Face Wash Assorted Frangrance-5ltr,160,Cleaning & Hygiene Products,CORE
100616030007,3M,"3M Post-It Notes 3"" x 5"", Yellow, 100 Notes/Pack",160,Office Supplies,CORE
100501020013,STANDARD,"Mug Plastic, 1 Ltr",141,Cleaning & Hygiene Products,CORE
100509010006,STANDARD,Disposable Plastic Transparentt Hand Gloves 100 Pieces/Pack,141,Cleaning & Hygiene Products,CORE
10057406,DOMEX,DOMEX  TOILET CLEANER 500 ML LIME FRESH  CAN - 1,130,Cleaning & Hygiene Products,CORE
10055060,STANDARD,"PLASTIC SWING BIN 32 LTRS, BLUE",127,Cleaning & Hygiene Products,CORE
100504010023,KLEENAL,Caution Board With Stand-Wet Floor,127,Cleaning & Hygiene Products,NON CORE
100205040069,OMEGA,Omax /Omega 1739/S Deluxe Plastic Office Tray With Riser Grey 3/Set,126,Office Supplies,CORE
10053277,GALA,GALA 132744 IRON BRUSH   PCS - 1,123,Cleaning & Hygiene Products,CORE
10048816,TETLEY,"TETLEY,MASALATEA,50BAGS/BOX",121,Pantry Supplies,NON CORE
10049778,DIVERSEY,Diversey  Taski R1 Super  2X5L Can HHTLAA1,120,Cleaning & Hygiene Products,NON CORE
10054861,STANDARD,STANDARD FLOOR WIPER 16 INCH WITH HANDLE,115,Cleaning & Hygiene Products,NON CORE
100509050002,STANDARD,"Face Mask Cloth, Colour Green",115,Cleaning & Hygiene Products,NON CORE
10048802,TAJ MAHAL,TAJ MAHAL TEA BAGS-100PCS,114,Pantry Supplies,NON CORE
10054077,HARPIC,HARPIC  BATHROOM CLEANER 500 ML  PCS - 1,114,Cleaning & Hygiene Products,CORE
100501190099,STANDARD,STANDARD GLASS SCRAPPER SS BIG,113,Cleaning & Hygiene Products,NON CORE
10049911,TIDE,Tide Washing Powder 1 KG  Pack,112,Cleaning & Hygiene Products,NON CORE
10057464,LIFEBUOY,LIFEBUOY HANDWASH REFILL TOTAL 10 1.5 LITRE,107,Cleaning & Hygiene Products,CORE
100504010030,GOOD KNIGHT,Mosquito Liquid Machine Standard Size 45 Nights,107,Cleaning & Hygiene Products,NON CORE
100501110022,KLEENAL,"Mop Dry Handle, 5Ft, MS Powder Coated",105,Cleaning & Hygiene Products,CORE
100408070060,STANDARD,Piano Folder,104,Office Supplies,CORE
100208010017,KANGARO,"Kangaro DP-700 Paper Punch, Caapacity 36 Sheets, Dia. 6.00 M",102,Office Supplies,CORE
100409020115,SOLO,SOLO RB 402 2-D Ring binder A4 Size Assrt colors,102,Office Supplies,NON CORE
10061544,STANDARD,STANDARD AJANT SPIRAL PAD NO 8 SIDEBOUND   PCS - 1,101,Office Supplies,NON CORE
10050683,GODREJ,Godrej aer Air Freshener Spray 270ml Morning Misty Meadows,100,Cleaning & Hygiene Products,NON CORE
10056513,STANDARD,SAFESHIELD/ONIC 3 PLY  FACE MASK DISPOSABLEPCS - 1,100,Cleaning & Hygiene Products,NON CORE
100212040048,KANGARO,"Kangaro HD-23S17 Stapler, Cap 140 Sheets, 23/6-23/17 Staple",99,Office Supplies,NON CORE
100623070106,STANDARD,C Ruled Register 8 Qr,98,Office Supplies,CORE
10049890,HARPIC,Air Freshner Cake Harpic Flushmatic Cubes 2Pcs/Pack,97,Cleaning & Hygiene Products,NON CORE
10049818,DIVERSEY,Cleaning Liquid Diversey 5632584 Suma Select 2X5Ltr,96,Cleaning & Hygiene Products,NON CORE
100210010144,KANGARO,Kangaro SL-1150 Silver Streak Scissor 126 MM,96,Office Supplies,NON CORE
110101010031,KLEENAL,Kleenal K-68-9 Telescopic Pole 9 MTR,94,Cleaning & Hygiene Products,NON CORE
200103010030,STANDARD,STANDARD SPIKE GUARD-6 WAY EXTENSION SOCKET STRIPS,93,Office Supplies,CORE
10056674,STANDARD,GOOD MAKE NITRILE GLOVES (PACK OF 100) SIZE-LARGE  PACK of 1,90,Cleaning & Hygiene Products,NON CORE
10057376,KANGARO,KANGARO MUNIX SCISSORS GL-2170 SIZE 169 MM  PCS - 1,89,Office Supplies,CORE
10046989,STANDARD,"Label-18 Self-Adhesivve Label,A4,100 Sheets/Pack",87,Office Supplies,NON CORE
10051533,STANDARD,GOOD MAKE  STIRRER STICK WOODEN (1000 STIRRER/PACK) PACK of 1,87,Pantry Supplies,NON CORE
10054072,STANDARD,GOOD MAKE LATEX DISPOSABLE  GLOVES (PACK OF 100),84,Cleaning & Hygiene Products,CORE
10054128,STANDARD,STANDARD DYNA BUCKET 12 LTRS,84,Cleaning & Hygiene Products,CORE
100506110017,KLEENAL,Kleenal ASC-40 Dry Mop Acrylic Refill 40 CM,84,Cleaning & Hygiene Products,CORE